x-coordinate [mm],y-coordinate [mm],x-displacement [mm],y-displacement [mm]
0.0000000000000000,20.0000000000000000,0.0187810718376264,0.0015818944913744
0.0000000000000000,18.7500000000000000,0.0201447277853148,-0.0005125426613012
0.0000000000000000,17.5000000000000000,0.0161761017736272,-0.0092830717215581
1.0937500000000000,20.0000000000000000,0.0168413175742740,0.0008409820297290
0.0000000000000000,16.2500000000000000,0.0273914381693432,-0.0002958514253685
0.0000000000000000,15.0000000000000000,0.0286366055316862,-0.0017156429686606
1.0937500000000000,17.5000000000000000,0.0193453158489886,0.0006520037385310
2.1875000000000000,20.0000000000000000,0.0191386448295415,0.0007017575109267
0.0000000000000000,13.7500000000000000,0.0277487648708392,-0.0023338032401768
2.1875000000000000,18.7500000000000000,0.0199918559768823,0.0003931651070893
1.0937500000000000,15.0000000000000000,0.0189527344117722,0.0015302047398757
2.1875000000000000,17.5000000000000000,0.0201522046888727,0.0007194702804300
0.0000000000000000,12.5000000000000000,0.0173105476511599,-0.0001125657326410
3.2812500000000000,20.0000000000000000,0.0203546036988639,0.0002012056705153
2.1875000000000000,16.2500000000000000,0.0197819323049288,0.0007744285409251
0.0000000000000000,11.2500000000000000,0.0347965733333558,-0.0191079623312510
2.1875000000000000,15.0000000000000000,0.0197011778616223,0.0015177399162776
3.2812500000000000,17.5000000000000000,0.0201892249488023,0.0005274748895486
1.0937500000000000,12.5000000000000000,0.0190206903324091,0.0006646296854067
2.1875000000000000,13.7500000000000000,0.0195609219237583,0.0013209937741075
4.3750000000000000,20.0000000000000000,0.0219860421011403,0.0012017575632344
0.0000000000000000,10.0000000000000000,0.0206165983702752,-0.0058538053843804
4.3750000000000000,18.7500000000000000,0.0210257666228444,0.0001700328096477
3.2812500000000000,15.0000000000000000,0.0197986027220965,0.0012244043327920
2.1875000000000000,12.5000000000000000,0.0197545224149986,0.0011710344301040
4.3750000000000000,17.5000000000000000,0.0209371616613144,0.0000888876743942
0.0000000000000000,8.7500000000000000,0.0084418714604935,0.0062689220860331
1.0937500000000000,10.0000000000000000,0.0187023059904458,0.0015335107710718
4.3750000000000000,16.2500000000000000,0.0209864380583005,0.0003904910741076
5.4687500000000000,20.0000000000000000,0.0214213275621167,-0.0000286210103037
2.1875000000000000,11.2500000000000000,0.0196071899255752,0.0010738531795755
4.3750000000000000,15.0000000000000000,0.0203841990902602,0.0009860069551628
3.2812500000000000,12.5000000000000000,0.0200391257837163,0.0016674417941134
5.4687500000000000,17.5000000000000000,0.0213119935288328,0.0003513716419604
0.0000000000000000,7.5000000000000000,0.0016681000770540,0.0153442458831283
2.1875000000000000,10.0000000000000000,0.0197932720887462,0.0016887012868364
4.3750000000000000,13.7500000000000000,0.0203773367813076,0.0008060408728340
6.5625000000000000,20.0000000000000000,0.0214135912288064,0.0007826588573724
6.5625000000000000,18.7500000000000000,0.0220859006851103,-0.0000523112354036
5.4687500000000000,15.0000000000000000,0.0212670786047646,0.0005378174090506
4.3750000000000000,12.5000000000000000,0.0205535657214229,0.0011453598441536
1.0937500000000000,7.5000000000000000,0.0184717528376530,0.0017768137327840
0.0000000000000000,6.2500000000000000,-0.0099799425261499,0.0210563924154155
2.1875000000000000,8.7500000000000000,0.0192875402199071,0.0016744860632501
6.5625000000000000,17.5000000000000000,0.0220791708699113,0.0002997095526981
3.2812500000000000,10.0000000000000000,0.0200910805217179,0.0014432061468813
6.5625000000000000,16.2500000000000000,0.0219759987632875,0.0004111314830138
4.3750000000000000,11.2500000000000000,0.0205846855556168,0.0017343687809310
7.6562500000000000,20.0000000000000000,0.0227034451410475,-0.0004695558491025
2.1875000000000000,7.5000000000000000,0.0193237718390680,0.0018591683801816
0.0000000000000000,5.0000000000000000,0.0056956402366932,0.0123054059840862
5.4687500000000000,12.5000000000000000,0.0210773650657827,0.0013863513856799
6.5625000000000000,15.0000000000000000,0.0217605265751761,0.0006834385756989
4.3750000000000000,10.0000000000000000,0.0203187903647842,0.0013761222304762
7.6562500000000000,17.5000000000000000,0.0222926275206606,0.0003436708354393
6.5625000000000000,13.7500000000000000,0.0217789233843579,0.0010316624825833
2.1875000000000000,6.2500000000000000,0.0191602980997750,0.0020544549541780
1.0937500000000000,5.0000000000000000,0.0189351944314005,0.0024065736810950
3.2812500000000000,7.5000000000000000,0.0195478024074692,0.0018214474170419
0.0000000000000000,3.7500000000000000,0.0146126262757319,0.0027826826113914
8.7500000000000000,20.0000000000000000,0.0241163048727144,-0.0005392463905976
4.3750000000000000,8.7500000000000000,0.0206949162729931,0.0017456998089168
6.5625000000000000,12.5000000000000000,0.0221238308065554,0.0011961200924787
7.6562500000000000,15.0000000000000000,0.0224802067320850,0.0006017731602607
8.7500000000000000,18.7500000000000000,0.0230663737862116,0.0000211158949227
5.4687500000000000,10.0000000000000000,0.0210633316671430,0.0014064155129309
8.7500000000000000,17.5000000000000000,0.0231707442972117,-0.0001632354750290
2.1875000000000000,5.0000000000000000,0.0191046178243233,0.0022504712705424
6.5625000000000000,11.2500000000000000,0.0218417114938875,0.0011517376241311
4.3750000000000000,7.5000000000000000,0.0208180040649507,0.0019359952611383
8.7500000000000000,16.2500000000000000,0.0231096878648240,0.0002639353974242
0.0000000000000000,2.5000000000000000,0.0063703952742670,0.0142291319660297
9.8437500000000000,20.0000000000000000,0.0227287082753818,-0.0000283208553387
7.6562500000000000,12.5000000000000000,0.0225794690805274,0.0010103863272485
8.7500000000000000,15.0000000000000000,0.0229322988940750,0.0008981109190028
6.5625000000000000,10.0000000000000000,0.0214176200677478,0.0013519519616485
3.2812500000000000,5.0000000000000000,0.0197572172732925,0.0022897697006795
2.1875000000000000,3.7500000000000000,0.0192488375036343,0.0028843039819420
4.3750000000000000,6.2500000000000000,0.0202625651522280,0.0018575379877323
9.8437500000000000,17.5000000000000000,0.0236314846179130,0.0004237673375294
1.0937500000000000,2.5000000000000000,0.0184284903645998,0.0024659937889114
8.7500000000000000,13.7500000000000000,0.0230742196516833,0.0006600159173637
5.4687500000000000,7.5000000000000000,0.0210042970295610,0.0017774081622861
0.0000000000000000,1.2500000000000000,0.0131729284272654,0.0045155662268895
6.5625000000000000,8.7500000000000000,0.0215020752728285,0.0013538381247048
10.9375000000000000,20.0000000000000000,0.0246183993217858,-0.0003027422505599
8.7500000000000000,12.5000000000000000,0.0232196692450822,0.0009333266945052
7.6562500000000000,10.0000000000000000,0.0224506315687470,0.0014704068447821
9.8437500000000000,15.0000000000000000,0.0235694760064105,0.0007493355122656
4.3750000000000000,5.0000000000000000,0.0201207187830957,0.0019761587846664
10.9375000000000000,18.7500000000000000,0.0241134370534952,0.0002102683527019
2.1875000000000000,2.5000000000000000,0.0190664616324824,0.0022421440236736
6.5625000000000000,7.5000000000000000,0.0216144909622587,0.0021101994128854
10.9375000000000000,17.5000000000000000,0.0241757615272357,-0.0000711618177983
8.7500000000000000,11.2500000000000000,0.0225289033439950,0.0011571898355638
0.0000000000000000,0.0000000000000000,0.0123378196453640,0.0069955774580572
10.9375000000000000,16.2500000000000000,0.0242310190213251,0.0000014025621533
4.3750000000000000,3.7500000000000000,0.0207434139222832,0.0021148398929424
9.8437500000000000,12.5000000000000000,0.0234514845928593,0.0008823903932164
3.2812500000000000,2.5000000000000000,0.0195224684000459,0.0028857695136883
5.4687500000000000,5.0000000000000000,0.0207228824066117,0.0022844709657141
12.0312500000000000,20.0000000000000000,0.0262207945743117,-0.0007453521870301
8.7500000000000000,10.0000000000000000,0.0229298250432965,0.0015791474533249
2.1875000000000000,1.2500000000000000,0.0189822319041335,0.0027640612741352
6.5625000000000000,6.2500000000000000,0.0217929624913423,0.0019832430392467
10.9375000000000000,15.0000000000000000,0.0246265432189740,0.0004026600555083
1.0937500000000000,0.0000000000000000,0.0125485774972579,0.0038092553231295
7.6562500000000000,7.5000000000000000,0.0223035251539724,0.0018615818960397
12.0312500000000000,17.5000000000000000,0.0250598215395961,0.0000857656001006
10.9375000000000000,13.7500000000000000,0.0243133506485798,0.0005025402480352
8.7500000000000000,8.7500000000000000,0.0225321756037496,0.0012854937324917
4.3750000000000000,2.5000000000000000,0.0205053851785538,0.0028649514764540
6.5625000000000000,5.0000000000000000,0.0214995159936810,0.0016964156203416
10.9375000000000000,12.5000000000000000,0.0241616945177258,0.0008096261559387
9.8437500000000000,10.0000000000000000,0.0231710439260332,0.0012022166094749
2.1875000000000000,0.0000000000000000,0.0201148069294045,0.0031734134776971
13.1250000000000000,20.0000000000000000,0.0268806519067666,0.0001325552881052
12.0312500000000000,15.0000000000000000,0.0248005032393714,0.0004256590571551
8.7500000000000000,7.5000000000000000,0.0226193494233584,0.0016820993670195
13.1250000000000000,18.7500000000000000,0.0255090384051445,-0.0000936090740851
10.9375000000000000,11.2500000000000000,0.0242879291508172,0.0008637235392239
13.1250000000000000,17.5000000000000000,0.0251770320238219,-0.0002170116474216
5.4687500000000000,2.5000000000000000,0.0206396902651372,0.0026218651834891
6.5625000000000000,3.7500000000000000,0.0210632525998930,0.0022923709478688
4.3750000000000000,1.2500000000000000,0.0199485568821348,0.0028386875858053
7.6562500000000000,5.0000000000000000,0.0220175330923897,0.0017614928007951
3.2812500000000000,0.0000000000000000,0.0247732418703557,0.0042434409024233
13.1250000000000000,16.2500000000000000,0.0252929539205131,0.0002154209258773
8.7500000000000000,6.2500000000000000,0.0227304130491682,0.0018057117941604
10.9375000000000000,10.0000000000000000,0.0239907660265686,0.0010797095201891
12.0312500000000000,12.5000000000000000,0.0248772500845423,0.0007701830931247
14.2187500000000000,20.0000000000000000,0.0264419811815227,-0.0005080092540885
9.8437500000000000,7.5000000000000000,0.0235353194730679,0.0017082179526140
13.1250000000000000,15.0000000000000000,0.0254715158099868,0.0003402770337598
6.5625000000000000,2.5000000000000000,0.0211264360202987,0.0025310194399455
4.3750000000000000,0.0000000000000000,0.0199194011305912,0.0031275824919407
10.9375000000000000,8.7500000000000000,0.0239559501276052,0.0012368453563401
13.1250000000000000,13.7500000000000000,0.0253876713505972,0.0005822240341979
8.7500000000000000,5.0000000000000000,0.0228886630038117,0.0015025849572288
14.2187500000000000,17.5000000000000000,0.0260779192988823,-0.0005190304941048
12.0312500000000000,10.0000000000000000,0.0243644585557740,0.0012307707784429
13.1250000000000000,12.5000000000000000,0.0250739734143401,0.0007943417429228
10.9375000000000000,7.5000000000000000,0.0238851581239868,0.0014564002389339
6.5625000000000000,1.2500000000000000,0.0213760383116151,0.0029138457524285
14.2187500000000000,15.0000000000000000,0.0256270280591887,0.0005751158739574
7.6562500000000000,2.5000000000000000,0.0219897354584799,0.0021054929118401
15.3125000000000000,20.0000000000000000,0.0263134333894582,0.0003180332368071
5.4687500000000000,0.0000000000000000,0.0219659683625473,0.0033157401650488
8.7500000000000000,3.7500000000000000,0.0222351589353642,0.0026128645787482
15.3125000000000000,18.7500000000000000,0.0269267145842390,-0.0004907062563887
13.1250000000000000,11.2500000000000000,0.0251716481388396,0.0009854751768869
9.8437500000000000,5.0000000000000000,0.0229174084839120,0.0017660758890902
15.3125000000000000,17.5000000000000000,0.0264013994748367,-0.0002000235803101
10.9375000000000000,6.2500000000000000,0.0234632151172386,0.0015758039249207
13.1250000000000000,10.0000000000000000,0.0249164138918102,0.0009796872547688
15.3125000000000000,16.2500000000000000,0.0264084007212686,0.0003329732379303
14.2187500000000000,12.5000000000000000,0.0257936543221954,0.0006237248371250
6.5625000000000000,0.0000000000000000,0.0167509402267352,0.0034786870291822
12.0312500000000000,7.5000000000000000,0.0243894491129708,0.0016327495140119
8.7500000000000000,2.5000000000000000,0.0227495900330110,0.0022906651326027
15.3125000000000000,15.0000000000000000,0.0263550492991936,0.0002968241538558
16.4062500000000000,20.0000000000000000,0.0279199959007288,-0.0007542945333398
10.9375000000000000,5.0000000000000000,0.0239442483358401,0.0014642405339183
13.1250000000000000,8.7500000000000000,0.0251166855640054,0.0010979335699725
15.3125000000000000,13.7500000000000000,0.0264500852333087,0.0003384764114254
16.4062500000000000,17.5000000000000000,0.0272172821999960,0.0000008010701811
7.6562500000000000,0.0000000000000000,0.0164357060032425,0.0025689184008477
8.7500000000000000,1.2500000000000000,0.0224152592715817,0.0026785438437044
14.2187500000000000,10.0000000000000000,0.0255983270188774,0.0009692867653679
9.8437500000000000,2.5000000000000000,0.0233509764110095,0.0025210869270915
15.3125000000000000,12.5000000000000000,0.0263289655520257,0.0006432895961721
13.1250000000000000,7.5000000000000000,0.0251164342414728,0.0014445482378992
10.9375000000000000,3.7500000000000000,0.0236908614573433,0.0020098558112414
16.4062500000000000,15.0000000000000000,0.0271968859197110,0.0003803492199132
12.0312500000000000,5.0000000000000000,0.0242048267177979,0.0016747133217744
17.5000000000000000,20.0000000000000000,0.0287588202542981,-0.0010904667302966
15.3125000000000000,11.2500000000000000,0.0257107101949105,0.0011629843859820
17.5000000000000000,18.7500000000000000,0.0280515795526468,-0.0006412886024290
13.1250000000000000,6.2500000000000000,0.0249711413412644,0.0013113563627975
8.7500000000000000,0.0000000000000000,0.0187676649975823,0.0025564868380554
17.5000000000000000,17.5000000000000000,0.0276602249652343,-0.0002501521221119
10.9375000000000000,2.5000000000000000,0.0233032756319124,0.0019453127779592
15.3125000000000000,10.0000000000000000,0.0265609571948742,0.0008821076364567
14.2187500000000000,7.5000000000000000,0.0254240417737332,0.0013876017347531
16.4062500000000000,12.5000000000000000,0.0269622136455662,0.0008837765759207
17.5000000000000000,16.2500000000000000,0.0276975024038616,-0.0001774964885546
13.1250000000000000,5.0000000000000000,0.0248555329677374,0.0021168263828680
17.5000000000000000,15.0000000000000000,0.0275287962459170,0.0002447082745017
15.3125000000000000,8.7500000000000000,0.0263822258161969,0.0007537088537536
9.8437500000000000,0.0000000000000000,0.0228393541176670,0.0023907290244333
18.6250000000000000,20.0000000000000000,0.0310134030299342,-0.0006813261743737
10.9375000000000000,1.2500000000000000,0.0237591198469098,0.0022062482407361
12.0312500000000000,2.5000000000000000,0.0247875364097116,0.0023839325515677
17.5000000000000000,13.7500000000000000,0.0276072628552042,0.0008787093618988
18.6250000000000000,17.5000000000000000,0.0283296938955693,-0.0002224520548934
13.1250000000000000,3.7500000000000000,0.0249515012180221,0.0018044458902790
16.4062500000000000,10.0000000000000000,0.0266069319801174,0.0008843633360565
15.3125000000000000,7.5000000000000000,0.0263056905527605,0.0010804400973969
17.5000000000000000,12.5000000000000000,0.0273263573363914,0.0004555399323734
14.2187500000000000,5.0000000000000000,0.0254905712157791,0.0013020404087123
10.9375000000000000,0.0000000000000000,0.0264289032783766,0.0015116727872631
18.6250000000000000,15.0000000000000000,0.0280987849649630,-0.0001613469518182
17.5000000000000000,11.2500000000000000,0.0271117530312162,0.0009049464545046
15.3125000000000000,6.2500000000000000,0.0257778157235916,0.0016423783732409
13.1250000000000000,2.5000000000000000,0.0249010103106084,0.0019984241793760
19.7500000000000000,20.0000000000000000,0.0231546719749969,0.0006037177423638
19.7500000000000000,18.7500000000000000,0.0289127028997081,-0.0006681409727191
17.5000000000000000,10.0000000000000000,0.0275231218828080,0.0009000103651308
16.4062500000000000,7.5000000000000000,0.0268145486641982,0.0011967045939956
19.7500000000000000,17.5000000000000000,0.0289428538233057,-0.0004192405472935
15.3125000000000000,5.0000000000000000,0.0260804177237926,0.0016270482471010
18.6250000000000000,12.5000000000000000,0.0282306862496784,0.0006623991985050
12.0312500000000000,0.0000000000000000,0.0245057792412762,0.0016228425947042
19.7500000000000000,16.2500000000000000,0.0290706461916835,-0.0002556890542831
13.1250000000000000,1.2500000000000000,0.0248243845704256,0.0021202424468387
17.5000000000000000,8.7500000000000000,0.0270985293780664,0.0010069681017823
14.2187500000000000,2.5000000000000000,0.0249975119144555,0.0022754742049131
19.7500000000000000,15.0000000000000000,0.0289398145052973,0.0001014431707280
20.8750000000000000,20.0000000000000000,0.0294312301990486,-0.0007379459759574
15.3125000000000000,3.7500000000000000,0.0256958550282740,0.0016892260254414
19.7500000000000000,13.7500000000000000,0.0286430084087891,0.0002893198385276
17.5000000000000000,7.5000000000000000,0.0272287699075522,0.0010969292911469
18.6250000000000000,10.0000000000000000,0.0279341021681484,0.0006671544013120
13.1250000000000000,0.0000000000000000,0.0298635902553906,0.0012170351443954
16.4062500000000000,5.0000000000000000,0.0267673292356430,0.0013965028693515
20.8750000000000000,17.5000000000000000,0.0294599754290713,-0.0002776512161689
19.7500000000000000,12.5000000000000000,0.0287064539244139,0.0005382254411019
15.3125000000000000,2.5000000000000000,0.0257284296647584,0.0018320482201911
17.5000000000000000,6.2500000000000000,0.0273263597207251,0.0010977442532258
19.7500000000000000,11.2500000000000000,0.0280989542818637,0.0007978909541009
20.8750000000000000,15.0000000000000000,0.0293942329406148,-0.0001346243758718
22.0000000000000000,20.0000000000000000,0.0309834784713044,-0.0003405013953944
14.2187500000000000,0.0000000000000000,0.0375270182716879,-0.0000527080513262
18.6250000000000000,7.5000000000000000,0.0277687007966313,0.0009777641935471
22.0000000000000000,18.7500000000000000,0.0299802311091536,-0.0006642557121955
19.7500000000000000,10.0000000000000000,0.0285567394711358,0.0007379445616788
17.5000000000000000,5.0000000000000000,0.0271803424511418,0.0012682178612659
15.3125000000000000,1.2500000000000000,0.0255743005667500,0.0021211671844109
22.0000000000000000,17.5000000000000000,0.0300924497616094,0.0002652993036567
20.8750000000000000,12.5000000000000000,0.0291325771972455,-0.0000465468140346
16.4062500000000000,2.5000000000000000,0.0263185750103788,0.0017649148098720
22.0000000000000000,16.2500000000000000,0.0297042252560738,0.0002666689246795
19.7500000000000000,8.7500000000000000,0.0284048639742394,0.0008445505590818
17.5000000000000000,3.7500000000000000,0.0269463179485212,0.0014726419089178
22.0000000000000000,15.0000000000000000,0.0302528755176774,0.0004407362080196
15.3125000000000000,0.0000000000000000,0.0212592145103794,0.0011384820474984
23.1250000000000000,20.0000000000000000,0.0309464921569742,-0.0006390044537855
19.7500000000000000,7.5000000000000000,0.0284109829040883,0.0009488937538985
22.0000000000000000,13.7500000000000000,0.0300645785155186,0.0002933677442453
18.6250000000000000,5.0000000000000000,0.0276931790997168,0.0014256145653142
20.8750000000000000,10.0000000000000000,0.0286100033930850,0.0009125981479920
17.5000000000000000,2.5000000000000000,0.0264774399645651,0.0021999302445548
23.1250000000000000,17.5000000000000000,0.0303378406536727,-0.0008076062862131
22.0000000000000000,12.5000000000000000,0.0296828085078075,0.0008111107088248
19.7500000000000000,6.2500000000000000,0.0284487590960626,0.0007646855544823
16.4062500000000000,0.0000000000000000,0.0273656183204978,0.0020603908502988
22.0000000000000000,11.2500000000000000,0.0293335469559552,0.0004976324510736
23.1250000000000000,15.0000000000000000,0.0301247941553023,0.0003788511655039
17.5000000000000000,1.2500000000000000,0.0269150675393396,0.0020347859695573
20.8750000000000000,7.5000000000000000,0.0287625545014605,0.0008383117088774
19.7500000000000000,5.0000000000000000,0.0280380927355756,0.0012575009002072
24.2500000000000000,20.0000000000000000,0.0319871315793612,-0.0008957264795489
22.0000000000000000,10.0000000000000000,0.0295552681985122,0.0009942947566288
24.2500000000000000,18.7500000000000000,0.0313586991888608,-0.0007283678078935
18.6250000000000000,2.5000000000000000,0.0273530615767592,0.0012470016634987
24.2500000000000000,17.5000000000000000,0.0309418697135524,-0.0003600218565017
23.1250000000000000,12.5000000000000000,0.0300622206326091,-0.0000687150567467
22.0000000000000000,8.7500000000000000,0.0293546102613402,0.0009335073653163
17.5000000000000000,0.0000000000000000,0.0312505026979282,0.0029667593725855
19.7500000000000000,3.7500000000000000,0.0281015407946942,0.0013723739045105
24.2500000000000000,16.2500000000000000,0.0307693386824350,-0.0000749213472241
24.2500000000000000,15.0000000000000000,0.0306821126065067,0.0002041505625315
22.0000000000000000,7.5000000000000000,0.0293677847197301,0.0010196345405712
20.8750000000000000,5.0000000000000000,0.0285758016774616,0.0014196588969190
25.3750000000000000,20.0000000000000000,0.0317334141542989,-0.0007226534860986
24.2500000000000000,13.7500000000000000,0.0308382887651807,0.0003650685057900
23.1250000000000000,10.0000000000000000,0.0298434582926235,0.0004677255489242
19.7500000000000000,2.5000000000000000,0.0280364147513937,0.0019383930928641
24.2500000000000000,12.5000000000000000,0.0307988299412465,0.0000971425396588
25.3750000000000000,17.5000000000000000,0.0317702631124471,0.0000421166602053
22.0000000000000000,6.2500000000000000,0.0294066504771003,0.0008954652211502
18.6250000000000000,0.0000000000000000,0.0283152243282595,0.0026146132367285
19.7500000000000000,1.2500000000000000,0.0279848930953562,0.0013087424852889
24.2500000000000000,11.2500000000000000,0.0303480007180473,0.0004001096772349
25.3750000000000000,15.0000000000000000,0.0314994750380774,0.0003115659052215
22.0000000000000000,5.0000000000000000,0.0289846837443418,0.0010992764303668
23.1250000000000000,7.5000000000000000,0.0297668072787952,0.0007839995966710
20.8750000000000000,2.5000000000000000,0.0287327595428017,0.0019009806594886
24.2500000000000000,10.0000000000000000,0.0302234799825186,0.0007234905294233
26.5000000000000000,20.0000000000000000,0.0329330402603429,-0.0007125280458895
26.5000000000000000,18.7500000000000000,0.0324974299983246,-0.0005786503013380
19.7500000000000000,0.0000000000000000,0.0245935890723957,0.0017842222522964
25.3750000000000000,12.5000000000000000,0.0310186320985233,0.0005748482276964
22.0000000000000000,3.7500000000000000,0.0290678701837197,0.0012353987942881
26.5000000000000000,17.5000000000000000,0.0324795248768672,-0.0002837154090011
24.2500000000000000,8.7500000000000000,0.0303413279244713,0.0005707183020038
26.5000000000000000,16.2500000000000000,0.0323438214676294,0.0003603151502902
23.1250000000000000,5.0000000000000000,0.0301319818505661,0.0012460947651273
26.5000000000000000,15.0000000000000000,0.0320017887405603,0.0002618395403484
24.2500000000000000,7.5000000000000000,0.0307471975253273,0.0006584532586096
22.0000000000000000,2.5000000000000000,0.0292397417166112,0.0015972598733983
25.3750000000000000,10.0000000000000000,0.0307954153767107,0.0008281518972651
26.5000000000000000,13.7500000000000000,0.0318132194556360,-0.0000220609778600
27.6250000000000000,20.0000000000000000,0.0334926886644890,-0.0006050269530822
20.8750000000000000,0.0000000000000000,0.0339930324374028,0.0033257040155803
24.2500000000000000,6.2500000000000000,0.0301308927254169,0.0004861374070022
26.5000000000000000,12.5000000000000000,0.0316956208709957,0.0000407429821872
27.6250000000000000,17.5000000000000000,0.0327580369915529,-0.0000369952715795
22.0000000000000000,1.2500000000000000,0.0289205163761860,0.0018348275444841
26.5000000000000000,11.2500000000000000,0.0312822169667677,0.0004239816057894
24.2500000000000000,5.0000000000000000,0.0300166526073262,0.0006697407507269
25.3750000000000000,7.5000000000000000,0.0309358839642532,0.0006472806998423
23.1250000000000000,2.5000000000000000,0.0297079976231048,0.0011982081877064
27.6250000000000000,15.0000000000000000,0.0326223647186786,-0.0004604048783837
26.5000000000000000,10.0000000000000000,0.0308894952876667,0.0002656486733500
22.0000000000000000,0.0000000000000000,0.0262294197128369,0.0017413534729934
28.7500000000000000,20.0000000000000000,0.0330160880392041,-0.0011213214962761
24.2500000000000000,3.7500000000000000,0.0302997334853160,0.0006842300129078
28.7500000000000000,18.7500000000000000,0.0342106124190405,-0.0007302209184610
27.6250000000000000,12.5000000000000000,0.0317434968792651,0.0007007696397332
26.5000000000000000,8.7500000000000000,0.0313793571512160,0.0001002549685598
28.7500000000000000,17.5000000000000000,0.0337584169174082,-0.0002698037700219
28.7500000000000000,16.2500000000000000,0.0333909652213967,0.0000197776389820
25.3750000000000000,5.0000000000000000,0.0314059091039661,0.0006293231650923
24.2500000000000000,2.5000000000000000,0.0305628638418214,0.0014831663095007
26.5000000000000000,7.5000000000000000,0.0313709611968610,0.0003822580284392
28.7500000000000000,15.0000000000000000,0.0331405306718698,-0.0005666810556954
23.1250000000000000,0.0000000000000000,0.0207789057253110,-0.0009599873621393
27.6250000000000000,10.0000000000000000,0.0320182672109509,0.0007821860868784
28.7500000000000000,13.7500000000000000,0.0325935410301950,0.0003728305544669
26.5000000000000000,6.2500000000000000,0.0313590851802960,0.0007088583649756
29.8026966000000009,19.1035533999999991,0.0353079054767655,-0.0003986208076020
24.2500000000000000,1.2500000000000000,0.0306471447973216,0.0015544477657398
28.7500000000000000,12.5000000000000000,0.0321773664004021,0.0006323156722810
30.1562500000000000,20.0000000000000000,0.0345628441543856,-0.0008614759064930
29.7656394999999989,16.7809263000000009,0.0333575543900178,-0.0005481476558014
26.5000000000000000,5.0000000000000000,0.0312499737947614,0.0007235080452496
25.3750000000000000,2.5000000000000000,0.0311774913830474,0.0012895323442226
28.7500000000000000,11.2500000000000000,0.0319569465368174,-0.0000873906698867
27.6250000000000000,7.5000000000000000,0.0318912803467076,0.0004153573878104
29.7163156000000015,14.5633359000000002,0.0334855918514921,0.0000778658696426
24.2500000000000000,0.0000000000000000,0.0298990631689247,0.0017036909650356
28.7500000000000000,10.0000000000000000,0.0321229106474240,0.0004212710622094
26.5000000000000000,3.7500000000000000,0.0315176761879893,0.0009037903744553
29.6740506000000011,12.3373620000000006,0.0323557940345400,0.0000721243019346
30.8553932000000017,18.2071067999999983,0.0353677747298230,-0.0007289213822721
28.7500000000000000,8.7500000000000000,0.0321701359002838,0.0002559654306331
30.8095186000000005,17.1377352000000016,0.0350275520948559,-0.0005569501764904
30.7597437999999990,16.1127314999999989,0.0347486981787360,-0.0002694795744941
27.6250000000000000,5.0000000000000000,0.0322089169817855,0.0009434371023493
26.5000000000000000,2.5000000000000000,0.0316432597194972,0.0012681945709105
30.7103269999999995,15.1154711000000006,0.0339195308861907,-0.0002661678867889
28.7500000000000000,7.5000000000000000,0.0322240221386651,0.0004296522839532
31.5625000000000000,20.0000000000000000,0.0358963928529626,-0.0014896174926494
25.3750000000000000,0.0000000000000000,0.0341542293667866,0.0016076683848328
30.6637693999999996,14.1292481999999993,0.0338951841067781,-0.0002639012076146
29.6562500000000000,10.0000000000000000,0.0323375431742789,0.0003107859158562
30.6231058000000012,13.1388364000000006,0.0330891725320111,-0.0003672699226669
30.5910784000000007,12.1298809999999992,0.0327993658758155,0.0003177130090434
26.5000000000000000,1.2500000000000000,0.0315374729426589,0.0020368143588502
28.7500000000000000,6.2500000000000000,0.0329329857929487,0.0006702468719485
30.5699873000000011,11.0878254999999992,0.0323073008090015,0.0002154628447258
31.9080897999999991,17.3106602000000009,0.0355109151074456,-0.0011732076401761
32.0492569999999972,18.2535610000000013,0.0359797160628825,-0.0010912865250790
31.7394914999999997,15.4784562000000001,0.0349918589123286,-0.0005247738842105
29.6739679000000010,7.6621319100000003,0.0325043316073260,0.0004854698044295
27.6250000000000000,2.5000000000000000,0.0324389165393715,0.0011949881082050
28.7500000000000000,5.0000000000000000,0.0326404786015215,0.0008333338596560
32.4020561000000029,19.1413906999999988,0.0368609380222974,-0.0007422637470801
30.5625000000000000,10.0000000000000000,0.0326043166190907,-0.0001737216054939
26.5000000000000000,0.0000000000000000,0.0345224707259542,0.0020722380395000
31.5986487999999994,13.6968780999999993,0.0339072173900891,-0.0004564729339083
30.5699581999999985,8.9119962299999997,0.0327139149345857,0.0002026400659891
31.5034244000000001,11.8925046000000005,0.0330076127064723,0.0003241681454251
28.7500000000000000,3.7500000000000000,0.0329943793594760,0.0007555800247059
32.9687500000000000,20.0000000000000000,0.0384504633484124,-0.0020294409405068
30.5909839000000012,7.8695406200000004,0.0326588728534486,0.0002515347660579
29.7161462999999983,5.4356279299999999,0.0329935453319687,0.0009232232485246
33.1879089999999977,18.3036478000000002,0.0367861426238874,-0.0015485080129517
31.4687500000000000,10.0000000000000000,0.0330515230820551,0.0004425729609564
32.8298879000000028,15.6448932000000003,0.0354817305402263,-0.0007539300826947
32.9607864000000035,16.4142136000000001,0.0356599927503519,-0.0011927387663485
32.7120608000000033,14.8611404999999994,0.0352134657663404,-0.0001058020598847
28.7500000000000000,2.5000000000000000,0.0326047830563177,0.0017664003828129
32.6113811000000027,14.0682117000000009,0.0344493943707666,-0.0001961692406005
30.6229461000000001,6.8601861399999997,0.0331184417123071,0.0007778890091272
27.6250000000000000,0.0000000000000000,0.0328757168937995,-0.0003573283065578
32.5272409000000025,13.2653669000000001,0.0340912919363726,0.0002234368338169
32.4609816999999978,12.4551154999999998,0.0332690528641520,0.0000509167378185
32.4134293999999983,11.6401806000000008,0.0333063039712227,-0.0000660091802672
30.6635759999999991,5.8695675899999999,0.0330812274248644,0.0009849812326877
31.5033652999999987,8.1071338599999994,0.0330639525266434,0.0003661589305943
28.7500000000000000,1.2500000000000000,0.0331996294547891,0.0013656573681329
32.3844907000000006,10.8196090999999992,0.0329221165833951,0.0001521215630998
29.7655354000000010,3.2184369199999998,0.0339055936581638,0.0011718520155598
33.9379598000000016,17.4798158000000008,0.0365402548311603,-0.0019320755381860
33.8092163000000028,16.5459206999999999,0.0367139372699708,-0.0018082050964165
32.3750000000000000,10.0000000000000000,0.0329508832293750,0.0005196589250335
30.7101484000000013,4.8834359100000002,0.0339005670087116,0.0008854890684263
34.3750000000000000,20.0000000000000000,0.0394392895297204,-0.0023024670704990
34.2948717000000016,18.3541567999999984,0.0374461666188667,-0.0021319363542502
32.3844907000000006,9.1803908799999991,0.0331295682505251,0.0002068267859232
33.6846300999999997,14.2438248000000005,0.0349095161603810,-0.0009784611352795
28.7500000000000000,0.0000000000000000,0.0286475913553800,0.0016326135445722
33.4558330999999995,12.8338555999999997,0.0339132155342785,-0.0007116000660317
34.0134831000000020,15.5177669999999992,0.0361427461348554,-0.0009511813884911
31.5985279000000006,6.3023817400000004,0.0332426342012436,0.0005879249896196
30.7596248999999986,3.8865406600000001,0.0340476989612909,0.0011485489558345
32.4134293999999983,8.3598193500000004,0.0332826638754399,0.0001584814379794
33.3234344999999976,11.3878567000000004,0.0334612001921779,0.0001594000770512
34.8794030999999976,19.1912203999999988,0.0383624823739584,-0.0023855336433099
32.4609816999999978,7.5448845000000002,0.0332822338360971,0.0006525588647953
34.6701095000000024,16.6629392000000003,0.0365816970364530,-0.0018172976227838
29.8026966000000009,0.8964466080000000,0.0345101241073202,0.0018175437227384
33.2812500000000000,10.0000000000000000,0.0331208234540923,0.0003047079162763
30.8094773999999987,2.8620128800000000,0.0343819671480646,0.0008163513086608
32.5272409000000025,6.7346331299999997,0.0335381724597148,0.0005214743240757
31.7394171999999983,4.5210889600000002,0.0341564392318355,0.0013803718688264
35.3901321000000024,18.4002003000000016,0.0379885428890303,-0.0026628710878791
33.3234934999999979,8.6125048500000005,0.0329522269626485,0.0004450166633728
34.5124351999999988,13.0209522999999994,0.0345826411670652,-0.0009369828842802
34.3907124999999994,12.4014854999999997,0.0344297052994018,-0.0006951810808731
34.6643777000000028,13.6095494000000006,0.0348141208730684,-0.0003687438647600
34.2988575999999981,11.7713946000000007,0.0336267308119073,-0.0003180392180986
30.8553932000000017,1.7928932200000001,0.0346482145985474,0.0013897285931778
34.8502573000000027,14.1520512000000007,0.0351105658386299,-0.0009359784795656
32.6113811000000027,5.9317882900000001,0.0340954602532520,0.0007916423582011
34.2357804999999971,11.1504802999999999,0.0332186793348125,-0.0002246095055494
35.7812500000000000,20.0000000000000000,0.0392473830685922,-0.0035620925032436
35.0661796999999993,14.6213204000000001,0.0354954866219001,-0.0010070220129532
30.1562500000000000,0.0000000000000000,0.0286594346178733,0.0037358389094138
34.1989941000000002,10.5513928000000003,0.0328805354113623,-0.0000921021471128
35.5443882000000002,16.7653397999999996,0.0378394486724338,-0.0020078120061330
35.4022592999999972,15.8460626999999992,0.0371718101743387,-0.0019748385770196
34.1875000000000000,10.0000000000000000,0.0328095779524097,-0.0000589168417430
32.7120608000000033,5.1388595300000004,0.0344230642882861,0.0008306415229436
33.4559539999999984,7.1668845299999999,0.0342764994687145,0.0006845737212214
34.1990231999999992,9.4487855300000003,0.0329192822431963,0.0000851523993536
35.9050782999999996,17.6210197999999991,0.0379918168377744,-0.0027870559318971
35.5691757000000024,14.8382802999999992,0.0363045478467491,-0.0016895469628943
31.9080897999999991,2.6893398300000002,0.0350331813985074,0.0017561555866768
34.2358750000000001,8.8500980899999995,0.0332920407344626,0.0003583466093545
32.8298879000000028,4.3551067999999997,0.0349628533128292,0.0006777587753470
34.2990173000000027,8.2295828600000007,0.0338721951570914,0.0005092338392551
35.3381662999999975,11.9673978999999999,0.0344112543096286,-0.0011347792633215
36.4927956000000009,18.4405423999999982,0.0387110095054135,-0.0034636061252373
35.1528082999999967,10.9429993000000003,0.0328954110231756,-0.0025722123856741
35.6584821000000005,12.9413546999999998,0.0344873274074257,-0.0007563426384262
32.0493554000000032,1.7464526499999999,0.0353015353170945,0.0014873594661304
36.4221331000000035,16.8477591000000011,0.0384413158690918,-0.0031135384898647
33.6847044000000011,5.7566300999999998,0.0349677363004736,0.0010906607885052
36.1523101000000011,15.0222306999999997,0.0370000935917068,-0.0020973164920962
35.0937500000000000,10.0000000000000000,0.0330448646831051,-0.0010385444668043
34.3909058999999999,7.5996986700000004,0.0339170089456067,0.0002413781635609
32.9607864000000035,3.5857864300000002,0.0354144055274618,0.0015896837461849
36.1188762999999966,13.7248736999999998,0.0360895005323009,-0.0014265255312138
31.5625000000000000,0.0000000000000000,0.0236934609254003,0.0045515005176257
37.1875000000000000,20.0000000000000000,0.0396448875477069,-0.0034387257086157
35.1528909999999968,9.0575067899999997,0.0333654037999931,-0.0001475285674641
34.5126137000000028,6.9801406699999999,0.0344860337415372,0.0006132392226640
36.9391880000000015,16.0744983999999995,0.0385960125561803,-0.0029122277945718
36.7939045999999976,15.1765229000000001,0.0376858974935300,-0.0024748152633003
37.3744684999999990,19.2328346000000003,0.0397642125905646,-0.0039003657649521
32.4023042999999973,0.8586438420000000,0.0356466347907713,0.0015876698598005
34.6644965999999997,6.3911784000000003,0.0351004171377151,0.0007189686833362
34.0134831000000020,4.4822330399999997,0.0356677607936762,0.0016169285341292
36.0768588999999977,10.7803612999999991,0.0219306824335594,-0.0098949720112002
36.1719634000000028,11.1602309999999996,0.0165944525294836,-0.0104334109012576
37.3099045000000018,16.9138348000000001,0.0395329336726310,-0.0033367566177951
35.3383356000000006,8.0336383399999995,0.0340019504209123,0.0006498979354855
36.0189814000000013,10.3892182000000002,0.0271945289099827,-0.0106275174563084
36.3044818999999990,11.5307337000000008,0.0210792469772502,-0.0079233399183879
36.9381630000000030,14.1844877999999994,0.0370843302402398,-0.0019500837234719
33.8092163000000028,3.4540793100000000,0.0359268546728993,0.0015587512647571
36.0000000000000000,10.0000000000000000,0.0320490217365947,-0.0125641893501855
36.4727621999999982,11.8864234000000000,0.0253807399493159,-0.0056551384014644
37.6189073999999977,18.4721474999999984,0.0401118688958362,-0.0040719435305871
33.1881926000000007,1.6963916999999999,0.0363130914792383,0.0019191033831865
36.0189814000000013,9.6107817600000001,0.0354631714775138,-0.0153521410248393
36.6741215999999994,12.2222808999999994,0.0290676838907610,-0.0035880691286137
34.8502985000000010,5.8482007200000004,0.0352211629544506,0.0011536740129249
36.0768588999999977,9.2196387099999999,0.0361640666083229,-0.0166627108568322
36.9097758999999996,12.5397864000000006,0.0320221998464035,-0.0018920500895613
37.4541341999999986,15.2953179000000006,0.0384986175055804,-0.0032998616663630
37.9016599999999997,17.7157793000000012,0.0399632355668353,-0.0041230046233705
33.9381370999999987,2.5202089000000001,0.0361260302463747,0.0024628018754827
36.1719634000000028,8.8397690000000004,0.0363913251810502,-0.0149026166651459
37.1715729000000010,12.8284271000000007,0.0342639238751030,-0.0007424958464391
35.0661796999999993,5.3786796499999996,0.0356427125921832,0.0012323454426704
35.6585861000000008,7.0592821399999997,0.0349092701816034,0.0008837395049933
32.9687500000000000,0.0000000000000000,0.0194013917428476,0.0049209565315400
36.3044818999999990,8.4692662700000003,0.0366808088154093,-0.0131806893801432
37.4621826999999996,13.0918413999999999,0.0359714372891836,-0.0002742091263913
38.2035693999999992,16.9615706000000017,0.0402464620397056,-0.0043924520922036
34.6701095000000024,3.3370607699999999,0.0365935554959665,0.0016616251142657
38.5937500000000000,20.0000000000000000,0.0403894157932462,-0.0045749920438115
37.9648632000000035,14.5042977000000004,0.0378615412594983,-0.0026917051878483
38.1270133000000015,15.3871272000000001,0.0390923189964683,-0.0034819118074816
36.4727621999999982,8.1135765800000001,0.0370414312418032,-0.0120231279817879
37.7777190999999988,13.3258785000000000,0.0361672790799688,-0.0010312410482916
35.5690772999999965,5.1617059699999999,0.0367882294617188,0.0015839605511326
34.2953052000000014,1.6459035399999999,0.0368609026162832,0.0022441081849172
38.7834018000000000,18.4927104000000000,0.0402553886975725,-0.0041915419120036
36.1188762999999966,6.2751262600000004,0.0362226919605906,0.0014773415452972
38.5054786999999976,16.2073618000000010,0.0402165936113028,-0.0037212866503307
35.4020820000000001,4.1539126399999997,0.0368045491764807,0.0021258199697145
36.6741215999999994,7.7777190599999999,0.0369581440377645,-0.0098164792094575
38.1200262999999993,13.5306797000000003,0.0363063394526632,-0.0017725273322775
36.9097758999999996,7.4602136000000003,0.0370518098537747,-0.0077793669703666
38.4692663000000010,13.6955180999999993,0.0365921245746159,-0.0022776883078904
38.7882312999999996,15.4509936000000003,0.0396203759804568,-0.0034869208964455
36.1520264999999981,4.9777298400000003,0.0372289229468813,0.0026176730427680
39.1016284999999968,16.9904468999999985,0.0403449158757807,-0.0041388288769087
35.5443880999999990,3.2346601700000002,0.0373982710738968,0.0023619028018592
34.3750000000000000,0.0000000000000000,0.0116745631891241,0.0031674503538323
37.1715729000000010,7.1715728700000003,0.0374617153258512,-0.0058968415725450
38.8385589999999965,13.8276696000000001,0.0384629742521139,-0.0028494067936713
39.0326701999999983,14.6903065000000002,0.0389090011487450,-0.0034084790526094
34.8798146999999972,0.8088368570000000,0.0377639324505614,0.0023947461739117
36.9379148000000015,5.8154776999999997,0.0369743422081978,0.0024397880937772
35.3906025000000000,1.5998651800000001,0.0376150143916629,0.0035340281359936
39.4198552000000007,15.4881832999999993,0.0402423936733149,-0.0037346472931157
40.0000000000000000,20.0000000000000000,0.0397439312702970,-0.0045688857035176
37.4621825999999984,6.9081586200000000,0.0378030640457016,-0.0042130666078121
39.2196386999999973,13.9231411000000005,0.0422313966770340,-0.0031837612012020
36.7934710999999979,4.8234168000000004,0.0373636588899139,0.0028311780655311
40.0000000000000000,19.2500000000000000,0.0413079554428272,-0.0042606651160369
35.9053723000000033,2.3790211399999999,0.0379868148431115,0.0028811090713880
40.0000000000000000,18.5000000000000000,0.0411565085248730,-0.0042228293263371
40.0000000000000000,17.7500000000000000,0.0409135150461238,-0.0046544291219983
36.4221331000000035,3.1522409300000001,0.0374621588515131,0.0038294312299637
40.0000000000000000,17.0000000000000000,0.0410034369838701,-0.0042014759017598
37.7777190999999988,6.6741215399999998,0.0381405993655100,-0.0027790080076396
39.6095070000000007,13.9808938000000005,0.0465880885905026,-0.0035916972740250
40.0000000000000000,16.2500000000000000,0.0406977153150614,-0.0039799193668385
36.9388939999999977,3.9254607199999998,0.0378090518913361,0.0031495304856415
40.0000000000000000,15.5000000000000000,0.0407640794673510,-0.0039880943914697
40.0000000000000000,14.7500000000000000,0.0409296636429234,-0.0037154884233775
37.4536638000000011,4.7046166899999999,0.0380924014799465,0.0030087819190221
40.0000000000000000,14.0000000000000000,0.0490799527555439,-0.0039291981592917
38.1200262999999993,6.4693203400000003,0.0385253758097450,-0.0016125284153522
35.7812500000000000,0.0000000000000000,0.0431702001616024,-0.0042267758623691
37.9644515000000027,5.4956450099999996,0.0381895389628368,0.0033194450807081
36.4931875999999988,1.5595121199999999,0.0386106317326922,0.0034170479645629
40.5792150999999990,15.4883088999999998,0.0415572183664289,-0.0039290617715009
37.3099045000000018,3.0861651900000000,0.0385616251798689,0.0036459804518421
38.4692663000000010,6.3044818600000001,0.0389346614223982,-0.0007721737248841
40.3892183000000031,13.9810186000000005,0.0512035391852423,-0.0042803838157374
40.8977341000000010,16.9905092999999994,0.0417781651360769,-0.0039233569106430
41.2162531000000030,18.4927096999999989,0.0416859730470866,-0.0041338154263413
38.1266212999999965,4.6128182600000001,0.0385397798659845,0.0030656266481932
41.4062500000000000,20.0000000000000000,0.0415949862189656,-0.0041900708076782
38.8385589999999965,6.1723303800000000,0.0393834213333708,-0.0002177854553213
40.7803613000000027,13.9231411000000005,0.0574645352516958,-0.0046947047964908
40.9678620999999978,14.6903805999999992,0.0417289957714076,-0.0030139047545786
41.2123769999999965,15.4510781999999995,0.0423793101880880,-0.0035852127398661
41.4949014999999974,16.2074147000000011,0.0424016627569956,-0.0039976559646014
39.2196386999999973,6.0768588699999997,0.0397443540150350,0.0010640105549503
41.1602310000000031,13.8280366000000008,0.0526542457065023,-0.0037446998440069
37.9018062000000029,2.2842410300000000,0.0392816048634576,0.0038868058236546
38.2035693999999992,3.0384294399999998,0.0389476807784403,0.0039326659344300
37.6191413000000026,1.5278850300000000,0.0392836387104465,0.0038114813247134
39.0324656000000019,5.3096649899999999,0.0397588873351986,0.0036421498215406
38.5053325000000015,3.7926178500000001,0.0393994509137933,0.0039679082241420
38.7879974000000018,4.5489738400000004,0.0398303214245455,0.0037654164295726
37.3746731999999966,0.7671938860000000,0.0394965605541284,0.0036736938825454
41.7964307000000019,16.9615706000000017,0.0419767412106568,-0.0036991638818946
37.1875000000000000,0.0000000000000000,0.0332249606600856,-0.0026381918005963
42.0979597999999982,17.7157264000000012,0.0419366873077787,-0.0034872401496849
39.6095070000000007,6.0191062300000002,0.0401145553983468,0.0021834962032826
41.5307338000000001,13.6955180999999993,0.0451615676114614,-0.0028464968584974
41.8728838999999979,15.3875645999999993,0.0430566387077647,-0.0032409882788096
42.3804842999999991,18.4720629000000010,0.0423137180128166,-0.0033730112995381
39.4197825999999978,4.5118065800000000,0.0402481308378887,0.0042556356022142
42.6249992999999989,19.2327605000000013,0.0423897286309170,-0.0037251741011109
42.0362080000000020,14.5044467000000008,0.0436883779702823,-0.0027251322509070
40.0000000000000000,6.0000000000000000,0.0404876460785055,0.0031064611334848
41.8864233999999982,13.5272378000000000,0.0376364767844019,-0.0020785031154492
42.8125000000000000,20.0000000000000000,0.0429076930439771,-0.0042194475984329
39.1016284999999968,3.0095531100000001,0.0396935082037155,0.0037568449374182
40.0000000000000000,5.2500000000000000,0.0416250667661684,0.0027959174334628
42.6894904999999980,16.9140182999999986,0.0428482032371649,-0.0035593807533391
42.5470899999999972,15.2954881999999994,0.0426229434205068,-0.0029366393700358
40.3892183000000031,6.0189813900000004,0.0408593978797174,0.0038186088754972
38.7834744000000029,1.5072996500000000,0.0396416003537989,0.0037215216174243
42.2222809000000012,13.3258784000000006,0.0387140728015409,-0.0022114431952731
40.0000000000000000,4.5000000000000000,0.0411153165234434,0.0038242385527628
40.0000000000000000,3.7500000000000000,0.0404983514777879,0.0038428796479768
40.7803613000000027,6.0768588799999996,0.0412231140017972,0.0042682628555824
42.5397863999999970,13.0902241000000004,0.0387447981218504,-0.0027456151030227
43.0615771000000009,16.0746047999999995,0.0434984161036202,-0.0030762533660489
38.5937500000000000,0.0000000000000000,0.0359213017537159,0.0035380334025204
43.5060970999999981,18.4404719999999998,0.0430039835533535,-0.0031669439044285
40.0000000000000000,3.0000000000000000,0.0402059775608858,0.0036388433295249
40.5789769000000007,4.5117241899999998,0.0413151776529406,0.0040157409781147
43.2133573999999996,15.1738719999999994,0.0435621342688537,-0.0027259642925887
43.0624831000000015,14.1845776000000008,0.0446182925229525,-0.0023199736289316
41.1602310000000031,6.1719634299999999,0.0422055969348162,0.0048979486159041
42.8284270999999990,12.8284271000000007,0.0485463709373603,-0.0045208408773831
40.9671889999999976,5.3097130500000000,0.0422394608250607,0.0054275608150746
43.5778668999999965,16.8477591000000011,0.0436602720362682,-0.0027848832036457
40.0000000000000000,2.2500000000000000,0.0399443025153721,0.0036279050783427
41.5307336999999990,6.3044818800000000,0.0427302232112039,0.0042097883408089
43.0902241000000004,12.5397864000000006,0.0472518388179570,-0.0029840758594826
44.2187500000000000,20.0000000000000000,0.0435606220693329,-0.0028357003299553
40.0000000000000000,1.5000000000000000,0.0404535895173320,0.0038923904941179
44.0941565999999980,17.6209133000000016,0.0435495886001245,-0.0030257260915187
41.2116078999999971,4.5490287699999996,0.0419556916835333,0.0040523316348997
41.8864233999999982,6.4727621800000001,0.0435634377886258,0.0038412520888437
43.3258785000000017,12.2222808999999994,0.0454463005410898,-0.0014503419279410
43.8484283000000019,15.0223334000000008,0.0446227462709084,-0.0020539027629763
40.0000000000000000,0.7500000000000000,0.0399525938069977,0.0045462672051503
40.8977341000000010,3.0094907000000002,0.0411551337439209,0.0030046236734225
42.2222809000000012,6.6741215599999997,0.0438247141442606,0.0032874483729883
43.5272378000000018,11.8864234000000000,0.0433318978985049,0.0022670706649885
43.8811237000000034,13.7248736999999998,0.0457735855338250,-0.0014168020138884
44.6086438000000030,18.4000300000000010,0.0433447807066096,-0.0027579008279642
44.4588366999999991,16.7636189000000009,0.0441511730883431,-0.0023133665448348
40.0000000000000000,0.0000000000000000,0.0333371335468798,0.0094595667543009
42.0348539000000017,5.4957416500000003,0.0427857088659454,0.0029073518859575
41.4944206999999992,3.7926521800000002,0.0419967149855337,0.0031692102746751
42.5397863999999970,6.9097758899999997,0.0447396830159712,0.0026680796913808
43.6955181000000010,11.5307337000000008,0.0459442370164577,-0.0000328979569324
41.8715941999999970,4.6126148599999999,0.0422905526891361,0.0035835644332111
44.4328750000000028,14.8369698999999997,0.0450880378546241,-0.0016289638334194
44.5982022000000029,15.8461268999999998,0.0448199857863910,-0.0022940334247974
42.8284270999999990,7.1715728800000003,0.0454471573004276,0.0026062884093309
43.8280365999999972,11.1602309999999996,0.0472274344047875,-0.0013722578030642
45.1195257999999981,19.1910713999999984,0.0437636157494930,-0.0028613515223348
44.3413778999999977,12.9404977999999993,0.0468338767102922,-0.0010746255100879
43.0902241000000004,7.4602136100000003,0.0454191257742487,0.0026426344905881
43.9231411000000023,10.7803612999999991,0.0475002377361262,-0.0017120692206057
41.2164914000000024,1.5072572000000000,0.0408283200476982,0.0046231048016736
41.7964307000000019,3.0384294399999998,0.0418703603350296,0.0032865019543543
43.3258785000000017,7.7777190699999998,0.0463641972529625,0.0027841372253729
43.9810185999999987,10.3892182000000002,0.0472779909161340,-0.0002911007221877
43.5272378000000018,8.1135765899999992,0.0466381548865415,0.0025549917429217
44.0000000000000000,10.0000000000000000,0.0472401517445301,0.0000805424338051
42.5455425000000034,4.7047271300000002,0.0431334068365783,0.0026625212964566
44.9338204000000019,14.6213203000000007,0.0453057518274231,-0.0015503004798347
43.6955181000000010,8.4692662799999994,0.0469948115683586,0.0025603516078563
43.9810185999999987,9.6107817600000001,0.0475198557684846,0.0006775407037378
45.6250000000000000,20.0000000000000000,0.0446730186341539,-0.0028500013675848
43.8280365999999972,8.8397690000000004,0.0467498277326495,0.0001308341172011
43.9231411000000023,9.2196387099999999,0.0474629318935404,-0.0000580271235735
45.3298904999999976,16.6629392000000003,0.0441901200735656,-0.0022454828671370
43.0616664000000000,5.8155359799999999,0.0437839107928090,0.0020864490316794
44.6616057999999967,11.9660030000000006,0.0474753012109393,-0.0012977507081113
45.7043160999999998,18.3533657999999988,0.0447367195320677,-0.0019584340940000
45.1496872999999965,14.1517122999999998,0.0461729355455070,-0.0012263689437440
42.0984406000000035,2.2842066999999999,0.0415690408771767,0.0032006502484636
41.4062500000000000,0.0000000000000000,0.0370032027665992,0.0094011321907846
45.3354623000000032,13.6085700999999997,0.0466103918018582,-0.0011466260679970
43.2119430999999992,4.8263247099999997,0.0432536555890254,0.0025009797342384
44.8470804000000030,10.9423177000000003,0.0478843535029985,0.0000710241325233
42.6894904999999980,3.0859817100000000,0.0423585953509087,0.0030876960242516
46.0615786999999983,17.4797516000000002,0.0447393772479651,-0.0022298822670198
43.0606099000000029,3.9255297499999999,0.0431240311891033,0.0023103007238493
43.8811237000000034,6.2751262700000003,0.0448414090397721,0.0014268653372401
45.4873244999999997,13.0194813000000007,0.0469191959691026,-0.0007680301236486
44.9062500000000000,10.0000000000000000,0.0477339198430819,0.0000590455410143
42.3812533999999985,1.5278301200000000,0.0421189780198857,0.0037596626233841
45.9865169999999992,15.5177668999999998,0.0456666712466013,-0.0013361039992299
46.1917681999999985,16.5451121000000008,0.0455530598390511,-0.0017003728636254
44.8471521999999965,9.0572423900000008,0.0478417036970479,0.0002445656378252
44.3414682000000013,7.0589498500000003,0.0458231287682258,0.0010224912015811
45.6090270999999987,12.3998913999999996,0.0473949521064020,-0.0002214002090395
44.6617528000000021,8.0330972999999997,0.0468765690675652,0.0001203057745907
43.8474949000000009,4.9777964399999997,0.0441334551581762,0.0014425560990563
45.7009273999999976,11.7700785000000003,0.0477026147111495,-0.0012823478699907
46.8113527000000005,18.3035449999999997,0.0454925880513706,-0.0020158103381292
42.6256722999999980,0.7671458310000000,0.0417085605119312,0.0038156156437061
46.3152698999999970,14.2432127000000008,0.0457830555366628,-0.0003868350740325
45.7640923000000015,11.1497013999999997,0.0478169397695239,0.0001832643970042
47.0312500000000000,20.0000000000000000,0.0449196292399445,-0.0019274301352741
43.5778668999999965,3.1522409400000000,0.0431778316629831,0.0019936809644909
45.8009666999999965,10.5511526000000000,0.0480663510318144,-0.0003917478101487
44.4325546999999972,5.1630746299999997,0.0449032749730088,0.0010603012970321
45.8125000000000000,10.0000000000000000,0.0481760294264429,0.0000580654160616
47.0392135999999965,16.4142136000000001,0.0456695347719994,-0.0016080371800954
42.8125000000000000,0.0000000000000000,0.0350214459362164,0.0101457215407044
45.8009920000000008,9.4486923699999998,0.0477776866906798,-0.0007833156254989
46.5440042000000034,12.8328593000000009,0.0473884712529263,-0.0009366291384302
43.5073867999999990,1.5593485700000000,0.0424719742768708,0.0028827083755064
45.7641744000000017,8.8497959099999992,0.0475126160723545,-0.0003195170306949
45.7010660999999985,8.2290723299999993,0.0478281701626368,0.0008704197977123
47.1701120999999972,15.6448932000000003,0.0460353391356518,-0.0013199874095287
44.9338203000000007,5.3786796600000004,0.0455319590137599,0.0003722983662912
47.5972979000000009,19.1413007999999998,0.0455745769767926,-0.0021740677992136
45.6091951000000009,7.5990803400000004,0.0466895902012465,-0.0001781695694805
44.5976189000000005,4.1539542699999998,0.0441507160514710,0.0017990566981782
45.1497230000000016,5.8480693400000003,0.0457863239288583,0.0004388936283334
45.4874794999999992,6.9795701599999997,0.0463750951059578,-0.0002157393034271
45.3355654000000001,6.3907986399999999,0.0459237101737048,-0.0001174301736347
44.0951238000000032,2.3789521300000001,0.0425512946034960,0.0023274319062352
44.4588366999999991,3.2363810900000001,0.0434947160688358,0.0019893660637927
47.2879391999999967,14.8611404999999994,0.0465981499235835,-0.0005462482697963
46.6764859999999970,11.3873698000000001,0.0481078990571372,-0.0005990894191638
47.3886188999999973,14.0682117000000009,0.0470601567990827,-0.0008140232197382
47.9506614000000013,18.2532542000000007,0.0461514674868907,-0.0015263023873183
46.7187500000000000,10.0000000000000000,0.0477260189885179,0.0001337069949956
47.4727590999999975,13.2653669000000001,0.0471806826584411,-0.0009808711736970
48.0919102000000009,17.3106602000000009,0.0466266502328304,-0.0012833337085747
48.4375000000000000,20.0000000000000000,0.0456647071373268,-0.0017126988725647
46.6765372999999997,8.6123159900000008,0.0473819123608918,-0.0002591953856338
47.5390183000000022,12.4551154999999998,0.0472832528137222,-0.0007121420424722
44.6101912999999968,1.5997547500000000,0.0426358759597844,0.0025911760805093
45.3298904999999976,3.3370607799999998,0.0440610139737586,0.0014172319993324
46.5441092000000012,7.1664980700000003,0.0466785999015311,-0.0000535888804825
47.5865706000000017,11.6401806000000008,0.0476786159399073,-0.0010045451645751
44.2187500000000000,0.0000000000000000,0.0341929693402327,0.0087068739500121
48.2606084999999965,15.4790682000000004,0.0471633370561077,-0.0013067714544944
46.3153343999999976,5.7563927499999998,0.0461231541248126,0.0002736214640646
47.6155092999999994,10.8196090999999992,0.0478011335065629,-0.0006122633978593
45.9865169999999992,4.4822330499999996,0.0448163625131766,0.0006757796901664
47.6250000000000000,10.0000000000000000,0.0477745244005742,-0.0005327859593154
48.4015139999999988,13.6978744999999993,0.0474240785783166,0.0000230884073833
47.6155092999999994,9.1803908799999991,0.0469090897326600,0.0001895072391172
45.1208797999999973,0.8087402310000000,0.0431524044662268,0.0028085597980763
49.1446067999999983,18.2071067999999983,0.0465354235934057,-0.0017212701164838
47.5865706000000017,8.3598193599999995,0.0477945710779777,-0.0003701020134915
46.1917681999999985,3.4548879499999998,0.0455607273168346,0.0015576642599895
49.1905367999999967,17.1380741000000008,0.0468090119391320,-0.0014954992601380
45.7057302999999990,1.6464374700000000,0.0440646813883771,0.0012855831349964
48.4966550999999981,11.8929915000000008,0.0480715798436911,-0.0003946705826688
47.5390183000000022,7.5448845000000002,0.0473759946568046,0.0001252090962802
46.0621621000000019,2.5201672899999998,0.0440913449188950,0.0015239836006613
49.2404161999999985,16.1137107999999998,0.0474964067642911,-0.0012467772492399
47.4727590999999975,6.7346331399999997,0.0476356479661632,-0.0001420100652190
49.2899133000000020,15.1169420999999993,0.0484804219645928,-0.0009384193478044
49.8437500000000000,20.0000000000000000,0.0462344170975526,-0.0019621495132522
47.3886188999999973,5.9317883000000000,0.0469443212493677,-0.0003332083599498
48.5312500000000000,10.0000000000000000,0.0483940040790822,-0.0000070139497814
47.2879391999999967,5.1388595400000003,0.0466910743082629,0.0000584683411302
49.3364910000000023,14.1308422999999994,0.0477619600469373,-0.0007467807267470
45.6250000000000000,0.0000000000000000,0.0325832045177580,0.0091803627438970
47.1701120999999972,4.3551068099999997,0.0459958371126590,0.0007497244497567
47.0392135999999965,3.5857864400000001,0.0451500516661567,0.0010891970960058
49.3771091999999996,13.1401524999999992,0.0481862722063056,-0.0006597455918055
50.1973034000000027,19.1035533999999991,0.0469387657663317,-0.0012281696170998
48.4966038000000026,8.1073227200000009,0.0477060871941969,0.0000543622162173
49.4090488000000008,12.1306598999999995,0.0480031976646427,-0.0002926332002655
50.2345005000000029,16.7817830999999984,0.0474917279908935,-0.0014593379979949
46.8122860000000003,1.6963251200000000,0.0447110484537267,0.0016773258229724
49.4300519000000023,11.0880656000000002,0.0486253263044986,-0.0006428236008559
48.4014090000000010,6.3027682100000000,0.0472314547380110,-0.0000151540166907
49.4375000000000000,10.0000000000000000,0.0488105550440543,-0.0002017203886330
50.2839122999999972,14.5647307999999995,0.0478569115530402,-0.0005651506510298
48.2605440999999971,4.5213263200000000,0.0464257305292718,0.0002379820596685
49.4300265999999979,8.9120893900000002,0.0483715841724229,-0.0005159855793963
51.2500000000000000,20.0000000000000000,0.0478051968937234,-0.0017081361385524
50.3260606999999993,12.3380434999999995,0.0483791046632617,-0.0007422421148608
49.4089667000000006,7.8698427999999998,0.0481943509781122,-0.0002723567357476
51.2500000000000000,18.7500000000000000,0.0471038600241661,-0.0020111609984835
47.0312500000000000,0.0000000000000000,0.0366482275033536,0.0088605911806639
51.2500000000000000,17.5000000000000000,0.0479073862627133,-0.0015569488403291
48.0919102000000009,2.6893398300000002,0.0456833541144728,0.0009905419576199
49.3769703999999976,6.8606966800000002,0.0475466434815791,-0.0004569064099149
47.5981145000000012,0.8585855830000000,0.0446826353585418,0.0014187839011351
51.2500000000000000,16.2500000000000000,0.0482126525350097,-0.0009777886198668
47.9509816999999998,1.7467012600000000,0.0453772647513824,0.0012178776595228
50.3437500000000000,10.0000000000000000,0.0485840908922621,-0.0005551555794186
49.3363230000000001,5.8701859299999999,0.0476625458059455,-0.0001719417138933
51.2500000000000000,15.0000000000000000,0.0483420067089274,-0.0010262404275424
51.2500000000000000,13.7500000000000000,0.0483956005834044,-0.0005039549874158
49.2897583999999966,4.8840064300000003,0.0466338384193858,-0.0003266841843526
51.2500000000000000,12.5000000000000000,0.0490438744109131,-0.0009398879941631
49.2403130000000004,3.8869204399999999,0.0470115318417266,0.0001749195107134
50.3259888999999987,7.6623963200000000,0.0479908220056415,-0.0000343445442677
52.3750000000000000,20.0000000000000000,0.0487108565336289,-0.0017746501300858
51.2500000000000000,11.2500000000000000,0.0491794470779424,-0.0005748640847613
49.1905010999999988,2.8621442799999999,0.0466947599099409,0.0003834965037556
52.3750000000000000,17.5000000000000000,0.0488124766474843,-0.0019813049067871
51.2500000000000000,10.0000000000000000,0.0487000892511703,0.0000176304100001
48.4375000000000000,0.0000000000000000,0.0432440863544826,0.0010974095180528
49.1446067999999983,1.7928932200000001,0.0457033547186140,0.0006616488439679
50.2837652999999989,5.4361689799999997,0.0477515833646899,-0.0000136891691980
52.3750000000000000,15.0000000000000000,0.0484443072626086,-0.0006730377166043
51.2500000000000000,8.7500000000000000,0.0486784266356622,-0.0004539864871024
51.2500000000000000,7.5000000000000000,0.0484863408774548,-0.0005781645995355
52.3750000000000000,12.5000000000000000,0.0489815900225288,-0.0006449559582561
50.2344103000000004,3.2187692200000000,0.0473890045001750,0.0004906477794304
53.5000000000000000,20.0000000000000000,0.0490251449369870,-0.0014833536720352
51.2500000000000000,6.2500000000000000,0.0482101825574245,0.0000664579051954
53.5000000000000000,18.7500000000000000,0.0486375366079321,-0.0014827988847761
53.5000000000000000,17.5000000000000000,0.0493700816802513,-0.0017559247265397
52.3750000000000000,10.0000000000000000,0.0491250225008765,-0.0009357005396519
51.2500000000000000,5.0000000000000000,0.0480313383167347,0.0002906155480237
53.5000000000000000,16.2500000000000000,0.0491297644257905,-0.0011473536938829
53.5000000000000000,15.0000000000000000,0.0490443998544038,-0.0008190987484249
49.8437500000000000,0.0000000000000000,0.0428587414731276,0.0004292524419332
50.1973034000000027,0.8964466100000000,0.0469465439780432,0.0000565760112883
51.2500000000000000,3.7500000000000000,0.0483106897636072,-0.0003199372131560
53.5000000000000000,13.7500000000000000,0.0495056952818043,-0.0009402826575347
52.3750000000000000,7.5000000000000000,0.0491375110783737,-0.0007354874277394
53.5000000000000000,12.5000000000000000,0.0496194781928518,-0.0004600142571333
51.2500000000000000,2.5000000000000000,0.0471923773463788,0.0002070159444610
53.5000000000000000,11.2500000000000000,0.0496953618373962,-0.0004529388556991
54.6250000000000000,20.0000000000000000,0.0487390469777480,-0.0019810472401737
54.6250000000000000,17.5000000000000000,0.0496140373925659,-0.0019715199133371
53.5000000000000000,10.0000000000000000,0.0500115332009398,-0.0007577480341010
52.3750000000000000,5.0000000000000000,0.0481795084919860,-0.0002825024584225
51.2500000000000000,1.2500000000000000,0.0470114680508467,0.0004531863442633
53.5000000000000000,8.7500000000000000,0.0494677671133860,-0.0007403962325411
54.6250000000000000,15.0000000000000000,0.0502264033311850,-0.0016793707523802
51.2500000000000000,0.0000000000000000,0.0488085662399490,0.0024993568411067
53.5000000000000000,7.5000000000000000,0.0495406273935628,-0.0006590327035788
54.6250000000000000,12.5000000000000000,0.0498249915898868,-0.0006723122944354
52.3750000000000000,2.5000000000000000,0.0482359134533951,0.0000638142600856
53.5000000000000000,6.2500000000000000,0.0494053535176232,-0.0002500318768757
55.7500000000000000,20.0000000000000000,0.0494568021647141,-0.0018747324480351
55.7500000000000000,18.7500000000000000,0.0499722962100565,-0.0016516418381874
54.6250000000000000,10.0000000000000000,0.0495857331224270,-0.0004560815766240
55.7500000000000000,17.5000000000000000,0.0500410839764571,-0.0013365509047079
53.5000000000000000,5.0000000000000000,0.0493968755695023,0.0001047658655051
55.7500000000000000,16.2500000000000000,0.0504272315921507,-0.0010081334513316
55.7500000000000000,15.0000000000000000,0.0500951146874400,-0.0012738587674078
53.5000000000000000,3.7500000000000000,0.0491562080203529,-0.0002672276969166
52.3750000000000000,0.0000000000000000,0.0471145877062923,0.0010826458521559
55.7500000000000000,13.7500000000000000,0.0502483456270678,-0.0009978359777830
54.6250000000000000,7.5000000000000000,0.0497791053196553,-0.0008516677722175
55.7500000000000000,12.5000000000000000,0.0505477783691027,-0.0007645556316962
53.5000000000000000,2.5000000000000000,0.0488747913941994,0.0002467595587235
55.7500000000000000,11.2500000000000000,0.0500652575246151,-0.0004635837627242
56.8750000000000000,20.0000000000000000,0.0513802590100733,-0.0023013293129691
55.7500000000000000,10.0000000000000000,0.0501212873456630,-0.0004365814395515
56.8750000000000000,17.5000000000000000,0.0508333366244449,-0.0014489525363792
53.5000000000000000,1.2500000000000000,0.0487520375250058,0.0002610011987825
54.6250000000000000,5.0000000000000000,0.0498878447528502,-0.0004085013777611
55.7500000000000000,8.7500000000000000,0.0502080235096818,-0.0007252226140139
56.8750000000000000,15.0000000000000000,0.0509952301290849,-0.0015509788040639
53.5000000000000000,0.0000000000000000,0.0432583245539026,0.0019269219087945
55.7500000000000000,7.5000000000000000,0.0505463505201951,-0.0005300714980967
56.8750000000000000,12.5000000000000000,0.0505912678637119,-0.0010066324280357
54.6250000000000000,2.5000000000000000,0.0493165453618490,0.0002969939235081
55.7500000000000000,6.2500000000000000,0.0504107173378679,-0.0000940843621387
58.0000000000000000,20.0000000000000000,0.0528302329667481,-0.0020298783255154
58.0000000000000000,18.7500000000000000,0.0512629193383820,-0.0016504187269418
56.8750000000000000,10.0000000000000000,0.0508364314369166,-0.0007528165725286
55.7500000000000000,5.0000000000000000,0.0502432515762955,-0.0001114291770409
58.0000000000000000,17.5000000000000000,0.0509286791838751,-0.0019379805156461
58.0000000000000000,16.2500000000000000,0.0512560079145838,-0.0012824661105545
58.0000000000000000,15.0000000000000000,0.0512968537032713,-0.0016263137361106
55.7500000000000000,3.7500000000000000,0.0498448496872284,-0.0002691535731953
54.6250000000000000,0.0000000000000000,0.0427561788338981,0.0009911285423505
58.0000000000000000,13.7500000000000000,0.0513901954106085,-0.0014230085843792
56.8750000000000000,7.5000000000000000,0.0503266951723632,-0.0005055996533623
58.0000000000000000,12.5000000000000000,0.0514248252298468,-0.0010257124108853
55.7500000000000000,2.5000000000000000,0.0501892325975510,0.0009473229374100
58.0000000000000000,11.2500000000000000,0.0513619288659482,-0.0005500211894937
59.1250000000000000,20.0000000000000000,0.0518012534158915,-0.0015159847034279
55.7500000000000000,1.2500000000000000,0.0495073205786001,0.0002502996442681
58.0000000000000000,10.0000000000000000,0.0510868019261939,-0.0006374732311494
56.8750000000000000,5.0000000000000000,0.0505240817764059,0.0000642741666197
59.1250000000000000,17.5000000000000000,0.0516425029499535,-0.0018976282951486
58.0000000000000000,8.7500000000000000,0.0509930168365277,-0.0003631629586791
59.1250000000000000,15.0000000000000000,0.0517317565246871,-0.0009249039733081
55.7500000000000000,0.0000000000000000,0.0474058669594994,-0.0010863983654618
58.0000000000000000,7.5000000000000000,0.0510455989711834,-0.0002218999764759
56.8750000000000000,2.5000000000000000,0.0505701925524854,0.0002233207374823
59.1250000000000000,12.5000000000000000,0.0518075092469987,-0.0011033539092917
58.0000000000000000,6.2500000000000000,0.0513840787453622,-0.0004426980411745
60.2500000000000000,20.0000000000000000,0.0520377881488035,-0.0025447319223105
60.2500000000000000,18.7500000000000000,0.0525073546177435,-0.0015635417033658
58.0000000000000000,5.0000000000000000,0.0514881006508686,0.0000119441091488
59.1250000000000000,10.0000000000000000,0.0519698195858074,-0.0010278154449968
60.2500000000000000,17.5000000000000000,0.0523807171363940,-0.0013741182566880
60.2500000000000000,16.2500000000000000,0.0522882937198919,-0.0013091608291453
56.8750000000000000,0.0000000000000000,0.0492594293342052,-0.0007871937359419
58.0000000000000000,3.7500000000000000,0.0510129541274448,-0.0000327929346454
60.2500000000000000,15.0000000000000000,0.0525825201686587,-0.0015329928442776
60.2500000000000000,13.7500000000000000,0.0526396597742790,-0.0014104405283290
59.1250000000000000,7.5000000000000000,0.0519807602154096,-0.0006926750163847
58.0000000000000000,2.5000000000000000,0.0502577870082815,0.0001310719114484
60.2500000000000000,12.5000000000000000,0.0524395067745407,-0.0011564543632834
60.2500000000000000,11.2500000000000000,0.0522457268658031,-0.0009428016542740
61.3750000000000000,20.0000000000000000,0.0532486857850421,-0.0022187229905464
58.0000000000000000,1.2500000000000000,0.0510275202509795,0.0006702187317679
59.1250000000000000,5.0000000000000000,0.0512995810520978,-0.0003305383227172
60.2500000000000000,10.0000000000000000,0.0527378598305965,-0.0008860696034547
61.3750000000000000,17.5000000000000000,0.0522791519509092,-0.0023965520462197
60.2500000000000000,8.7500000000000000,0.0523027259157174,-0.0004630426619374
58.0000000000000000,0.0000000000000000,0.0505590256669101,-0.0001658400297048
61.3750000000000000,15.0000000000000000,0.0525744354290911,-0.0013654081068200
60.2500000000000000,7.5000000000000000,0.0521396460827031,-0.0008480263295779
59.1250000000000000,2.5000000000000000,0.0518325164887153,0.0005917683348809
61.3750000000000000,12.5000000000000000,0.0533665441581350,-0.0012155578597518
60.2500000000000000,6.2500000000000000,0.0522644521832373,0.0000956029043232
62.5000000000000000,20.0000000000000000,0.0532030307880676,-0.0019170306787824
60.2500000000000000,5.0000000000000000,0.0521211746037638,-0.0004838233935922
62.5000000000000000,18.7500000000000000,0.0532285061301830,-0.0017818763835733
61.3750000000000000,10.0000000000000000,0.0525046684879620,-0.0009556308400502
62.5000000000000000,17.5000000000000000,0.0535917945867597,-0.0019447814925709
62.5000000000000000,16.2500000000000000,0.0533587778738286,-0.0014938571132696
59.1250000000000000,0.0000000000000000,0.0509870270656915,0.0009623741732889
60.2500000000000000,3.7500000000000000,0.0517708602553411,0.0001794958510185
62.5000000000000000,15.0000000000000000,0.0532919889156246,-0.0014532454366507
61.3750000000000000,7.5000000000000000,0.0525793454563511,-0.0006387409035434
62.5000000000000000,13.7500000000000000,0.0530664381292831,-0.0013207547332642
60.2500000000000000,2.5000000000000000,0.0515998947052924,-0.0009019693924239
62.5000000000000000,12.5000000000000000,0.0530820794003883,-0.0013334995382575
62.5000000000000000,11.2500000000000000,0.0531872839739028,-0.0013719310756609
60.2500000000000000,1.2500000000000000,0.0521373806496001,0.0001266366056295
63.5937500000000000,20.0000000000000000,0.0540864927079044,-0.0026267120039839
61.3750000000000000,5.0000000000000000,0.0529916232836627,0.0000056995215621
62.5000000000000000,10.0000000000000000,0.0535211281627308,-0.0007335334489857
63.5937500000000000,17.5000000000000000,0.0540051932945286,-0.0019618131201214
60.2500000000000000,0.0000000000000000,0.0514150284644730,0.0020905883762826
62.5000000000000000,8.7500000000000000,0.0530056613410907,-0.0007560487858478
63.5937500000000000,15.0000000000000000,0.0539393532226330,-0.0011724864690930
62.5000000000000000,7.5000000000000000,0.0535051598590248,-0.0007338670457003
61.3750000000000000,2.5000000000000000,0.0523333000702782,-0.0000147612724165
63.5937500000000000,12.5000000000000000,0.0536455999947650,-0.0009916610808478
62.5000000000000000,6.2500000000000000,0.0532808319553764,-0.0005110581359111
64.6875000000000000,20.0000000000000000,0.0540846856627213,-0.0028049196820664
62.5000000000000000,5.0000000000000000,0.0532973564877727,-0.0001609340387992
64.6875000000000000,18.7500000000000000,0.0545044890974707,-0.0022168005776773
63.5937500000000000,10.0000000000000000,0.0538222381252248,-0.0012045258222233
64.6875000000000000,17.5000000000000000,0.0547580018973381,-0.0019083647608854
61.3750000000000000,0.0000000000000000,0.0518430298632544,0.0032188025792763
64.6875000000000000,16.2500000000000000,0.0542373100725954,-0.0015961724107235
62.5000000000000000,3.7500000000000000,0.0531912178887079,-0.0001451024415845
64.6875000000000000,15.0000000000000000,0.0542725641312142,-0.0015496691554568
63.5937500000000000,7.5000000000000000,0.0540618773029510,-0.0007375737768899
64.6875000000000000,13.7500000000000000,0.0542169051816196,-0.0015742348095865
62.5000000000000000,2.5000000000000000,0.0532567030840272,-0.0001422767283433
64.6875000000000000,12.5000000000000000,0.0543282613630122,-0.0016806696261693
64.6875000000000000,11.2500000000000000,0.0542724133309821,-0.0010573633423906
62.5000000000000000,1.2500000000000000,0.0532636665029856,0.0001113847546934
65.7812500000000000,20.0000000000000000,0.0545766019409368,-0.0024792117027817
63.5937500000000000,5.0000000000000000,0.0535171717989615,-0.0002702932799538
64.6875000000000000,10.0000000000000000,0.0544496208882580,-0.0008803349637151
65.7812500000000000,17.5000000000000000,0.0551477747850464,-0.0019052123553719
62.5000000000000000,0.0000000000000000,0.0522710312620358,0.0043470167822700
64.6875000000000000,8.7500000000000000,0.0541835540912666,-0.0012550709628807
65.7812500000000000,15.0000000000000000,0.0549756407978772,-0.0016674629728227
64.6875000000000000,7.5000000000000000,0.0544830574196432,-0.0005631588675269
63.5937500000000000,2.5000000000000000,0.0535519839604503,0.0004813076443789
65.7812500000000000,12.5000000000000000,0.0549723673288762,-0.0009629357390704
64.6875000000000000,6.2500000000000000,0.0539860682792466,-0.0006788744796303
64.6875000000000000,5.0000000000000000,0.0540005447311169,-0.0002153398030468
66.8750000000000000,20.0000000000000000,0.0557642950606896,-0.0025484291331135
65.7812500000000000,10.0000000000000000,0.0549356215807234,-0.0005512319600582
66.8750000000000000,18.7500000000000000,0.0557048689839644,-0.0020022111303871
66.8750000000000000,17.5000000000000000,0.0553325114285977,-0.0017232739167815
63.5937500000000000,0.0000000000000000,0.0526871437330733,0.0054438917018472
64.6875000000000000,3.7500000000000000,0.0546366729371185,0.0004095067055696
66.8750000000000000,16.2500000000000000,0.0553810877918483,-0.0017335061668733
66.8750000000000000,15.0000000000000000,0.0551828441597143,-0.0015820904552295
65.7812500000000000,7.5000000000000000,0.0548614697656236,-0.0008908853290705
66.8750000000000000,13.7500000000000000,0.0551811808608191,-0.0015668511455351
64.6875000000000000,2.5000000000000000,0.0542161198293619,0.0001573461590097
66.8750000000000000,12.5000000000000000,0.0550944779384514,-0.0012908258375902
64.6875000000000000,1.2500000000000000,0.0543263914732206,-0.0001507939560414
66.8750000000000000,11.2500000000000000,0.0548186300411866,-0.0014849421892318
65.7812500000000000,5.0000000000000000,0.0552573797064319,-0.0005668091796622
67.9687500000000000,20.0000000000000000,0.0555856547000072,-0.0024710495268243
66.8750000000000000,10.0000000000000000,0.0551696256928462,-0.0011183174190031
67.9687500000000000,17.5000000000000000,0.0559880717323334,-0.0017408391804682
64.6875000000000000,0.0000000000000000,0.0527362906127851,0.0058106303760883
66.8750000000000000,8.7500000000000000,0.0550469056625857,-0.0012542281925165
67.9687500000000000,15.0000000000000000,0.0559648665637936,-0.0018665222005588
66.8750000000000000,7.5000000000000000,0.0549910081584077,-0.0006631077543850
65.7812500000000000,2.5000000000000000,0.0544458896267479,-0.0003466027213565
67.9687500000000000,12.5000000000000000,0.0557003857198468,-0.0012633163886263
66.8750000000000000,6.2500000000000000,0.0550718867718348,-0.0000477971057488
66.8750000000000000,5.0000000000000000,0.0552594116962559,-0.0006401219342807
69.0625000000000000,20.0000000000000000,0.0568585074875530,-0.0028534034189631
67.9687500000000000,10.0000000000000000,0.0557018877492005,-0.0009694518976813
69.0625000000000000,18.7500000000000000,0.0566653787184195,-0.0021683384663945
65.7812500000000000,0.0000000000000000,0.0489821693285077,-0.0013898361670011
69.0625000000000000,17.5000000000000000,0.0562097003432517,-0.0019105895115976
66.8750000000000000,3.7500000000000000,0.0554864742522611,-0.0000064316822998
69.0625000000000000,16.2500000000000000,0.0564812157264632,-0.0021676983946087
69.0625000000000000,15.0000000000000000,0.0565076818225564,-0.0018423202411347
67.9687500000000000,7.5000000000000000,0.0557128522708133,-0.0005131821004622
66.8750000000000000,2.5000000000000000,0.0554418599096670,-0.0004137879475204
69.0625000000000000,13.7500000000000000,0.0566377978988483,-0.0019346422528696
69.0625000000000000,12.5000000000000000,0.0563995596885447,-0.0013111219270187
66.8750000000000000,1.2500000000000000,0.0551905858454804,0.0002125795964859
69.0625000000000000,11.2500000000000000,0.0563211728433849,-0.0012569161360001
67.9687500000000000,5.0000000000000000,0.0557721038688585,-0.0002434753629153
70.1562500000000000,20.0000000000000000,0.0569435368734290,-0.0024920698587582
69.0625000000000000,10.0000000000000000,0.0564953807557516,-0.0009022687864287
66.8750000000000000,0.0000000000000000,0.0490000340645393,-0.0023205429980848
70.1562500000000000,17.5000000000000000,0.0567500184472780,-0.0025334241752477
69.0625000000000000,8.7500000000000000,0.0561707133331536,-0.0011459360926705
70.1562500000000000,15.0000000000000000,0.0573884226300279,-0.0017366573713462
69.0625000000000000,7.5000000000000000,0.0567449540787307,-0.0006514368572121
67.9687500000000000,2.5000000000000000,0.0561911227047398,-0.0003673133253777
69.0625000000000000,6.2500000000000000,0.0560103497525855,-0.0005032387996452
70.1562500000000000,12.5000000000000000,0.0569861650030542,-0.0013964773009932
69.0625000000000000,5.0000000000000000,0.0560010358502772,-0.0006689286090761
71.2500000000000000,20.0000000000000000,0.0573259698368004,-0.0022243826434469
70.1562500000000000,10.0000000000000000,0.0566913439995661,-0.0012752692449394
67.9687500000000000,0.0000000000000000,0.0494087086603538,-0.0026013438907351
71.2500000000000000,18.7500000000000000,0.0570103836154957,-0.0021493668040136
71.2500000000000000,17.5000000000000000,0.0571308574451856,-0.0026292208879924
69.0625000000000000,3.7500000000000000,0.0568686312688072,-0.0003444055667995
71.2500000000000000,16.2500000000000000,0.0576068757698735,-0.0021490523804574
71.2500000000000000,15.0000000000000000,0.0574227345527710,-0.0017338282795084
70.1562500000000000,7.5000000000000000,0.0572403173799697,-0.0013428407088217
69.0625000000000000,2.5000000000000000,0.0567872879276836,0.0004087312544089
71.2500000000000000,13.7500000000000000,0.0572167392393042,-0.0018787759283694
71.2500000000000000,12.5000000000000000,0.0576441968821286,-0.0013330714116718
69.0625000000000000,1.2500000000000000,0.0561592816979551,-0.0001435445794441
71.2500000000000000,11.2500000000000000,0.0573547460843394,-0.0011011839209288
70.1562500000000000,5.0000000000000000,0.0567293227409598,-0.0004850538830780
71.2500000000000000,10.0000000000000000,0.0582883847854988,-0.0017640576060877
72.3437500000000000,20.0000000000000000,0.0576239237040434,-0.0021733271242908
69.0625000000000000,0.0000000000000000,0.0498148784356496,-0.0028859876777926
72.3437500000000000,17.5000000000000000,0.0583046035531399,-0.0026176093468458
71.2500000000000000,8.7500000000000000,0.0578002281609771,-0.0010418606750205
72.3437500000000000,15.0000000000000000,0.0579941582331987,-0.0019102013623353
71.2500000000000000,7.5000000000000000,0.0574437951887482,-0.0010992377200018
70.1562500000000000,2.5000000000000000,0.0569865689246597,0.0000498628422943
71.2500000000000000,6.2500000000000000,0.0571436513514100,-0.0006489068164575
72.3437500000000000,12.5000000000000000,0.0581383968488378,-0.0014853317585582
71.2500000000000000,5.0000000000000000,0.0573972018627916,-0.0006426566911134
72.3437500000000000,10.0000000000000000,0.0577148315417493,-0.0011974831135633
70.1562500000000000,0.0000000000000000,0.0502185433904266,-0.0031744743592574
73.4375000000000000,20.0000000000000000,0.0585392885055010,-0.0027395050534936
73.4375000000000000,18.7500000000000000,0.0583874850889556,-0.0025467747926073
71.2500000000000000,3.7500000000000000,0.0574754157690116,-0.0004589892141193
73.4375000000000000,17.5000000000000000,0.0585110939265691,-0.0027521809280017
73.4375000000000000,16.2500000000000000,0.0581100776460476,-0.0020080321575753
73.4375000000000000,15.0000000000000000,0.0587090303292129,-0.0026747612658602
71.2500000000000000,2.5000000000000000,0.0575408077523448,-0.0007551772779228
72.3437500000000000,7.5000000000000000,0.0580042610549929,-0.0011464785065341
73.4375000000000000,13.7500000000000000,0.0582523580816062,-0.0017682004520666
73.4375000000000000,12.5000000000000000,0.0582803976359933,-0.0015266461760989
71.2500000000000000,1.2500000000000000,0.0572380264159694,-0.0002628762758980
73.4375000000000000,11.2500000000000000,0.0578675211034014,-0.0013465551198947
72.3437500000000000,5.0000000000000000,0.0580897653091175,-0.0005996094546963
71.2500000000000000,0.0000000000000000,0.0506197035246850,-0.0034668039351295
73.4375000000000000,10.0000000000000000,0.0582635997786766,-0.0012216252920231
74.5312500000000000,20.0000000000000000,0.0589911595221167,-0.0022204845416610
74.5312500000000000,17.5000000000000000,0.0587081411884139,-0.0023213572499956
73.4375000000000000,8.7500000000000000,0.0581151670369982,-0.0010406440949521
72.3437500000000000,2.5000000000000000,0.0577165785510939,-0.0007416851271835
74.5312500000000000,15.0000000000000000,0.0590584741384348,-0.0019209538141341
73.4375000000000000,7.5000000000000000,0.0576121303346269,-0.0004640253899736
73.4375000000000000,6.2500000000000000,0.0568819191008709,-0.0004477234860057
74.5312500000000000,12.5000000000000000,0.0589114550081143,-0.0017704031629720
73.4375000000000000,5.0000000000000000,0.0584759314037235,-0.0007667986377402
72.3437500000000000,0.0000000000000000,0.0510183588384246,-0.0037629764054089
74.5312500000000000,10.0000000000000000,0.0590128408967684,-0.0014065113901642
75.6250000000000000,20.0000000000000000,0.0591382041723661,-0.0028289592677928
73.4375000000000000,3.7500000000000000,0.0582506904146481,-0.0007234931967419
75.6250000000000000,18.7500000000000000,0.0599089789540268,-0.0022841102116153
75.6250000000000000,17.5000000000000000,0.0593381906559151,-0.0026382673409391
75.6250000000000000,16.2500000000000000,0.0594308110082920,-0.0024701626433532
73.4375000000000000,2.5000000000000000,0.0584198939345544,-0.0005340936702867
74.5312500000000000,7.5000000000000000,0.0587922286172188,-0.0013623098795395
75.6250000000000000,15.0000000000000000,0.0592948927547160,-0.0016133188944699
75.6250000000000000,13.7500000000000000,0.0590520682126315,-0.0016285673950752
73.4375000000000000,1.2500000000000000,0.0586314800529972,-0.0006823924998327
75.6250000000000000,12.5000000000000000,0.0592645428779397,-0.0016941375227685
75.6250000000000000,11.2500000000000000,0.0592587779456638,-0.0018663919182491
74.5312500000000000,5.0000000000000000,0.0586208748303853,-0.0007656976029982
73.4375000000000000,0.0000000000000000,0.0514145093316456,-0.0040629917700955
75.6250000000000000,10.0000000000000000,0.0591963576991563,-0.0017316048193021
76.7187500000000000,20.0000000000000000,0.0597050987916300,-0.0025392418641601
75.6250000000000000,8.7500000000000000,0.0591453926771738,-0.0016948622526831
76.7187500000000000,17.5000000000000000,0.0599124315575886,-0.0022173866653649
74.5312500000000000,2.5000000000000000,0.0586961905868656,-0.0004219334085628
75.6250000000000000,7.5000000000000000,0.0593329287845630,-0.0015605308636179
76.7187500000000000,15.0000000000000000,0.0597804326870630,-0.0021069008450452
75.6250000000000000,6.2500000000000000,0.0592527969250624,-0.0009291540100448
76.7187500000000000,12.5000000000000000,0.0595661383265576,-0.0018665543902572
75.6250000000000000,5.0000000000000000,0.0594854132311280,-0.0008744521495245
74.5312500000000000,0.0000000000000000,0.0518081550043478,-0.0043668500291894
76.7187500000000000,10.0000000000000000,0.0593834539211280,-0.0016483581455420
77.8125000000000000,20.0000000000000000,0.0604638671540264,-0.0030573931069568
75.6250000000000000,3.7500000000000000,0.0591247494949903,-0.0004320530279378
77.8125000000000000,18.7500000000000000,0.0605636644787971,-0.0024851824452130
77.8125000000000000,17.5000000000000000,0.0606725115600300,-0.0023034924024508
77.8125000000000000,16.2500000000000000,0.0608126001355311,-0.0023173343990787
75.6250000000000000,2.5000000000000000,0.0593016132843502,-0.0003092761012287
76.7187500000000000,7.5000000000000000,0.0598467162950284,-0.0014726326852985
77.8125000000000000,15.0000000000000000,0.0608428234946813,-0.0022161251241029
77.8125000000000000,13.7500000000000000,0.0605960680178939,-0.0018838127347798
75.6250000000000000,1.2500000000000000,0.0589092740494135,-0.0000307646615076
77.8125000000000000,12.5000000000000000,0.0601368901587934,-0.0015455692735408
76.7187500000000000,5.0000000000000000,0.0596135003647220,-0.0012179435712154
77.8125000000000000,11.2500000000000000,0.0598731379640782,-0.0017528692369983
75.6250000000000000,0.0000000000000000,0.0521992958565313,-0.0046745511826906
77.8125000000000000,10.0000000000000000,0.0603067346645388,-0.0013873958841179
78.9062500000000000,20.0000000000000000,0.0608451719649965,-0.0031892304644583
77.8125000000000000,8.7500000000000000,0.0601061238191662,-0.0016660795493142
78.9062500000000000,17.5000000000000000,0.0609651610860934,-0.0018876478182337
76.7187500000000000,2.5000000000000000,0.0594800148443561,-0.0006712830163751
77.8125000000000000,7.5000000000000000,0.0604913153077952,-0.0010282020543329
78.9062500000000000,15.0000000000000000,0.0607808328887444,-0.0022684619247019
77.8125000000000000,6.2500000000000000,0.0602869496655608,-0.0012685493203235
78.9062500000000000,12.5000000000000000,0.0610923935032800,-0.0022576478028952
77.8125000000000000,5.0000000000000000,0.0602428833650807,-0.0009922316806233
76.7187500000000000,0.0000000000000000,0.0525879318881961,-0.0049860952305991
78.9062500000000000,10.0000000000000000,0.0611414817831561,-0.0012855958503564
77.8125000000000000,3.7500000000000000,0.0602910361843616,-0.0007875444706057
80.0000000000000000,20.0000000000000000,0.0615784420325242,-0.0028869071421453
80.0000000000000000,18.7500000000000000,0.0615827172286089,-0.0023960634064864
80.0000000000000000,17.5000000000000000,0.0612399884410363,-0.0024097231663336
77.8125000000000000,2.5000000000000000,0.0602993863223549,-0.0002059521562797
80.0000000000000000,16.2500000000000000,0.0613923208651863,-0.0022625059813172
78.9062500000000000,7.5000000000000000,0.0609391873708277,-0.0011944368077635
80.0000000000000000,15.0000000000000000,0.0617160349083219,-0.0019281436583605
80.0000000000000000,13.7500000000000000,0.0611431137387224,-0.0022108054813395
77.8125000000000000,1.2500000000000000,0.0605715406371768,-0.0002101198771788
80.0000000000000000,12.5000000000000000,0.0612077333396462,-0.0019799453667148
78.9062500000000000,5.0000000000000000,0.0605248209850546,-0.0010270980999575
80.0000000000000000,11.2500000000000000,0.0611750491472449,-0.0015081589854702
77.8125000000000000,0.0000000000000000,0.0529740630993423,-0.0053014821729148
80.0000000000000000,10.0000000000000000,0.0619344887941156,-0.0012480795962160
80.0000000000000000,8.7500000000000000,0.0613455384721642,-0.0014291477284463
78.9062500000000000,2.5000000000000000,0.0602832936600458,-0.0004773331853634
80.0000000000000000,7.5000000000000000,0.0609901106751999,-0.0014912529293424
80.0000000000000000,6.2500000000000000,0.0616995503167497,-0.0010941054891476
80.0000000000000000,5.0000000000000000,0.0610888109197338,-0.0011267403329259
78.9062500000000000,0.0000000000000000,0.0533576894899696,-0.0056207120096378
80.0000000000000000,3.7500000000000000,0.0611218143503512,-0.0013320235695658
80.0000000000000000,2.5000000000000000,0.0610984862132538,-0.0006238000965919
80.0000000000000000,1.2500000000000000,0.0611830687153032,-0.0007760871292168
80.0000000000000000,0.0000000000000000,0.0554543151462131,-0.0048941844677036
